
{
    "comment" : "This file is used to help set default values when using the dotnet CLI extension Amazon.ElasticBeanstalk.Tools. For more information run \"dotnet eb --help\" from the project root.",
    "profile" : "aws_eduardogomez",
    "region"  : "us-east-2",
    "application" : "demoDotVVM",
    "environment" : "Demodotvvm-env",
    "solution-stack" : "64bit Windows Server 2019 v2.5.7 running IIS 10.0",
    "health-check-url" : "/",
    "iis-website"      : "Default Web Site",
    "app-path"         : "/",
    "enable-xray"      : false
}